l_english:
  STATE_ENTRE_RIOS: "Entre Ríos"
  STATE_SWAZILAND: "Swaziland"
  STATE_BASUTOLAND: "Basutoland"
  STATE_NATAL: "Natal"
  STATE_LUXEMBOURG: "Luxembourg"
  STATE_LEON: "León"
  STATE_CASTILLA_LA_NUEVA: "New Castile"
  STATE_CASTILLA_LA_VIEJA: "Old Castile"
  STATE_VASCONGADAS: "Vascongadas"
  STATE_EXTREMADURA: "Extremadura"
  STATE_MURCIA: "Murcia"
  STATE_WARSAW: "Warsaw"
  STATE_AUGUSTOW: "Augustów"
  STATE_LUBLIN: "Lublin"
  STATE_PLOCK: "Płock"
  STATE_RADOM: "Radom"
  STATE_PSKOV: "Pskov"
  STATE_VITEBSK: "Vitebsk"
  STATE_NORTH_ESTONIA: "North Estonia"
  STATE_SOUTH_ESTONIA: "South Estonia"
  STATE_LIVONIA: "Livonia"
  STATE_COURLAND: "Courland"
  STATE_KAUNAS: "Kaunas"
  STATE_VILNA: "Vilna"
  STATE_PODOLIA: "Podolia"
  STATE_POLTAVA: "Poltava"
  STATE_CHERNIGOV: "Chernigov"
  STATE_TAURIDA: "Taurida"
  STATE_ORYOL: "Oryol"
  STATE_TULA: "Tula"
  STATE_VORONEZH: "Voronezh"
  STATE_TAMBOV: "Tambov"
  STATE_RYAZAN: "Ryazan"
  STATE_VLADIMIR: "Vladimir"
  STATE_YAROSLAV: "Yaroslav"
  STATE_VOLOGDA: "Vologda"
  STATE_KOMI: "Komi"
  STATE_VYATKA: "Vyatka"
  STATE_MARI_EL: "Mari El"
  STATE_SIMBIRSK: "Simbirsk"
  STATE_PENZA: "Penza"
  STATE_MORDOVIA: "Mordovia"
  STATE_KHARKOV: "Kharkov"
  STATE_NIZHNY: "Nizhny"
  STATE_MOGILEV: "Mogilev"
  STATE_GRODNO: "Grodno"
  STATE_KALUG: "Kalug"
  STATE_UDMURTIA: "Udmurtia"
  STATE_UFA: "Ufa"
  STATE_ORENBURG: "Orenburg"
  STATE_EKATERINOSLAV: "Yekaterinoslav"
  STATE_CHERSON: "Kherson"