##Confederates

#Geneva
GVA = {
    color = { 241  148  88 }
	
	country_type = recognized
	
	tier = city_state
	cultures = { swiss }
	capital = STATE_WEST_SWITZERLAND
}

#Vaud
VAU = {
    color = { 245  243  187 }
	
	country_type = recognized
	
	tier = city_state
	cultures = { swiss }
	capital = STATE_WEST_SWITZERLAND
}

#Bern
BEX = {
    color = { 165 35 28 }
	
	country_type = recognized
	
	tier = city_state
	cultures = { swiss }
	capital = STATE_WEST_SWITZERLAND
}

#Solothurn
SRN = {
    color = { 241  218  157 }
	
	country_type = recognized
	
	tier = city_state
	cultures = { swiss }
	capital = STATE_WEST_SWITZERLAND
}

#Basel
BSL = {
    color = { 247  171  100 }
	
	country_type = recognized
	
	tier = city_state
	cultures = { swiss }
	capital = STATE_WEST_SWITZERLAND
}

#Aargau
AAU = {
    color = { 248  197  145 }
	
	country_type = recognized
	
	tier = city_state
	cultures = { swiss }
	capital = STATE_EAST_SWITZERLAND
}

#Zürich
ZUR = {
    color = { 238  192  219 }
	
	country_type = recognized
	
	tier = city_state
	cultures = { swiss }
	capital = STATE_EAST_SWITZERLAND
}

#Schaffhausen
SHU = {
    color = { 229  228  73 }
	
	country_type = recognized
	
	tier = city_state
	cultures = { swiss }
	capital = STATE_EAST_SWITZERLAND
}

#Thurgau
THU = {
    color = { 190  203  135 }
	
	country_type = recognized
	
	tier = city_state
	cultures = { swiss }
	capital = STATE_EAST_SWITZERLAND
}

#Appenzell Ausserrhoden
APA = {
    color = { 249  514  196 }
	
	country_type = recognized
	
	tier = city_state
	cultures = { swiss }
	capital = STATE_EAST_SWITZERLAND
}

#St. Gallen
GLL = {
    color = { 132  204  208 }
	
	country_type = recognized
	
	tier = city_state
	cultures = { swiss }
	capital = STATE_EAST_SWITZERLAND
}

#Glarus
GLA = {
    color = { 219  206  71 }
	
	country_type = recognized
	
	tier = city_state
	cultures = { swiss }
	capital = STATE_EAST_SWITZERLAND
}

#Grisons
GRS = {
    color = { 229  195  217 }
	
	country_type = recognized
	
	tier = city_state
	cultures = { swiss }
	capital = STATE_EAST_SWITZERLAND
}

#Ticino
TIC = {
    color = { 178  213  154 }
	
	country_type = recognized
	
	tier = city_state
	religion = catholic
	cultures = { swiss }
	capital = STATE_EAST_SWITZERLAND
}

##Neutrals

#Neuchâtel
NTL = {
    color = { 215  192  73 }
	
	country_type = recognized
	
	tier = city_state
	religion = catholic
	cultures = { swiss }
	capital = STATE_WEST_SWITZERLAND
}

#Appenzell Innerhoden
API = {
    color = { 243  178  143 }
	
	country_type = recognized
	
	tier = city_state
	religion = catholic
	cultures = { swiss }
	capital = STATE_EAST_SWITZERLAND
}

##Sonderbund

#Valais
VIS = {
    color = { 205  203  135 }
	
	country_type = recognized
	
	tier = city_state
	religion = catholic
	cultures = { swiss }
	capital = STATE_WEST_SWITZERLAND
}

#Fribourg
FRI = {
    color = { 172  207  114 }
	
	country_type = recognized
	
	tier = city_state
	religion = catholic
	cultures = { swiss }
	capital = STATE_WEST_SWITZERLAND
}

#Uri
URI = {
    color = { 247  169  64 }
	
	country_type = recognized
	
	tier = city_state
	religion = catholic
	cultures = { swiss }
	capital = STATE_EAST_SWITZERLAND
}

#Obwalden
OBW = {
    color = { 251  225  147 }
	
	country_type = recognized
	
	tier = city_state
	religion = catholic
	cultures = { swiss }
	capital = STATE_EAST_SWITZERLAND
}

#Nidwalden
NID = {
    color = { 249  208  83 }
	
	country_type = recognized
	
	tier = city_state
	religion = catholic
	cultures = { swiss }
	capital = STATE_EAST_SWITZERLAND
}

#Lucerne
LNE = {
    color = { 127  205  158 }
	
	country_type = recognized
	
	tier = city_state
	religion = catholic
	cultures = { swiss }
	capital = STATE_EAST_SWITZERLAND
}

#Zug
ZUG = {
    color = { 163  136  190 }
	
	country_type = recognized
	
	tier = city_state
	religion = catholic
	cultures = { swiss }
	capital = STATE_EAST_SWITZERLAND
}

#Schwyz
SCZ = {
    color = { 205  203  135 }
	
	country_type = recognized
	
	tier = city_state
	religion = catholic
	cultures = { swiss }
	capital = STATE_EAST_SWITZERLAND
}